network_method	network_db	network_cutoff	experiment_info	func_module_number	significant	p_value	term_size	query_size	intersection_size	precision	recall	term_id	source	term_name	effective_domain_size	source_order	parents	perc_rank	cumelative_dist	P	N	tp	fp	fn	tn	tot_pop_valid	MCC
R1	humanbase	0.8	network_modules	5	TRUE	0.0017597137558513893	15	4	2	0.5	0.13333333333333333	REAC:R-HSA-9648895	REAC	Response of EIF2AK1 (HRI) to heme deficiency	10916	2086		0	0.3333333333333333	15	10901	2	2	13	10899	10916	0.25771360850700775
R1	humanbase	0.8	network_modules	5	TRUE	0.005873845223360233	27	4	2	0.5	0.07407407407407407	REAC:R-HSA-380994	REAC	ATF4 activates genes in response to endoplasmic reticulum  stress	10916	35		0.5	0.6666666666666666	27	10889	2	2	25	10887	10916	0.19177047272795533
R1	humanbase	0.8	network_modules	5	TRUE	0.008295286235839682	32	4	2	0.5	0.0625	REAC:R-HSA-381042	REAC	PERK regulates gene expression	10916	1664		1	1	32	10884	2	2	30	10882	10916	0.17603067354664229
R1	humanbase	0.8	network_modules	8	TRUE	0.003625132697273378	49	2	2	1	0.04081632653061224	GO:0042446	GO:BP	hormone biosynthetic process	16175	10186		NA	1	49	16126	2	0	47	16126	16175	0.2017367371124154
R1	humanbase	0.8	network_modules	11	TRUE	0.007517652010393006	61	3	2	0.6666666666666666	0.03278688524590164	KEGG:04213	KEGG	Longevity regulating pathway - multiple species	8484	290		NA	1	61	8423	2	1	59	8422	8484	0.14680433117132302
R1	humanbase	0.8	network_modules	13	TRUE	0.007263023225931468	37	3	2	0.6666666666666666	0.05405405405405406	GO:0070301	GO:BP	cellular response to hydrogen peroxide	16175	16044		NA	1	37	16138	2	1	35	16137	16175	0.1894145562825279
R1	humanbase	0.8	network_modules	15	TRUE	0.001146111150345736	15	3	2	0.6666666666666666	0.13333333333333333	GO:0002029	GO:BP	desensitization of G protein-coupled receptor signaling pathway	16175	631		0	0.3333333333333333	15	16160	2	1	13	16159	16175	0.29789344298100395
R1	humanbase	0.8	network_modules	15	TRUE	0.0013097872928090391	16	3	2	0.6666666666666666	0.125	GO:0022401	GO:BP	negative adaptation of signaling pathway	16175	6592		0.5	1	16	16159	2	1	14	16158	16175	0.2884162244125957
R1	humanbase	0.8	network_modules	15	TRUE	0.0013097872928090391	16	3	2	0.6666666666666666	0.125	GO:0023058	GO:BP	adaptation of signaling pathway	16175	6643		0.5	1	16	16159	2	1	14	16158	16175	0.2884162244125957
R1	humanbase	0.8	network_modules	15	TRUE	0.006328827868519774	56	3	2	0.6666666666666666	0.03571428571428571	KEGG:04340	KEGG	Hedgehog signaling pathway	8484	302		NA	1	56	8428	2	1	54	8427	8484	0.1533094218240999
R1	humanbase	0.8	network_modules	17	TRUE	0.0046879858427047475	8	9	2	0.2222222222222222	0.25	REAC:R-HSA-8850843	REAC	Phosphate bond hydrolysis by NTPDase proteins	10916	1742		NA	1	8	10908	2	7	6	10901	10916	0.23510800786592262
R1	humanbase	0.8	network_modules	29	TRUE	0.0061187096533699865	34	3	2	0.6666666666666666	0.058823529411764705	GO:0019229	GO:BP	regulation of vasoconstriction	16175	5603		NA	1	34	16141	2	1	32	16140	16175	0.19763124847567545
R1	humanbase	0.8	network_modules	35	TRUE	3.082595831014784e-5	5	2	2	1	0.4	GO:2000583	GO:BP	regulation of platelet-derived growth factor receptor-alpha signaling pathway	16175	25875		0	0.25	5	16170	2	0	3	16170	16175	0.6323968708517073
R1	humanbase	0.8	network_modules	35	TRUE	6.473451245131063e-5	7	2	2	1	0.2857142857142857	GO:0035790	GO:BP	platelet-derived growth factor receptor-alpha signaling pathway	16175	9247		0.3333333333333333	0.5	7	16168	2	0	5	16168	16175	0.5344398516905685
R1	humanbase	0.8	network_modules	35	TRUE	5.271238871035293e-4	19	2	2	1	0.10526315789473684	GO:0010640	GO:BP	regulation of platelet-derived growth factor receptor signaling pathway	16175	4286		0.6666666666666666	0.75	19	16156	2	0	17	16156	16175	0.32427228087924065
R1	humanbase	0.8	network_modules	35	TRUE	0.0018341445194537977	35	2	2	1	0.05714285714285714	GO:0048008	GO:BP	platelet-derived growth factor receptor signaling pathway	16175	12464		1	1	35	16140	2	0	33	16140	16175	0.23880171837541012
R1	humanbase	0.8	network_modules	35	TRUE	0.002562804345752884	84	2	2	1	0.023809523809523808	KEGG:04012	KEGG	ErbB signaling pathway	8484	245		0	0.3333333333333333	84	8400	2	0	82	8400	8484	0.15355567229582584
R1	humanbase	0.8	network_modules	35	TRUE	0.006848848331908743	137	2	2	1	0.014598540145985401	KEGG:04910	KEGG	Insulin signaling pathway	8484	367		0.5	0.6666666666666666	137	8347	2	0	135	8347	8484	0.11985903779488354
R1	humanbase	0.8	network_modules	35	TRUE	0.007153208916860455	140	2	2	1	0.014285714285714285	KEGG:04120	KEGG	Ubiquitin mediated proteolysis	8484	270		1	1	140	8344	2	0	138	8344	8484	0.11854657025218798
R1	humanbase	0.8	network_modules	36	TRUE	0.00938764604571993	42	3	2	0.6666666666666666	0.047619047619047616	GO:0003407	GO:BP	neural retina development	16175	1820		NA	1	42	16133	2	1	40	16132	16175	0.17772754548378375
R1	humanbase	0.8	network_modules	43	TRUE	0.005126422773513347	34	3	2	0.6666666666666666	0.058823529411764705	REAC:R-HSA-5579029	REAC	Metabolic disorders of biological oxidation enzymes	10916	1416		NA	1	34	10882	2	1	32	10881	10916	0.19743911789809265
R1	humanbase	0.8	network_modules	46	TRUE	7.465320352603341e-4	77	5	3	0.6	0.03896103896103896	GO:0071677	GO:BP	positive regulation of mononuclear cell migration	16175	16850		0	0.07142857142857142	77	16098	3	2	74	16096	16175	0.15206691999180494
R1	humanbase	0.8	network_modules	46	TRUE	8.704088563673149e-4	81	5	3	0.6	0.037037037037037035	GO:0002690	GO:BP	positive regulation of leukocyte chemotaxis	16175	1208		0.07692307692307693	0.14285714285714285	81	16094	3	2	78	16092	16175	0.14822146402888547
R1	humanbase	0.8	network_modules	46	TRUE	0.001763228338799949	107	5	3	0.6	0.028037383177570093	REAC:R-HSA-8957275	REAC	Post-translational protein phosphorylation	10916	1777		0	0.5	107	10809	3	2	104	10807	10916	0.12824169373611963
R1	humanbase	0.8	network_modules	46	TRUE	0.0018537955147626597	104	5	3	0.6	0.028846153846153848	GO:0002688	GO:BP	regulation of leukocyte chemotaxis	16175	1206		0.15384615384615385	0.21428571428571427	104	16071	3	2	101	16069	16175	0.13058952485354997
R1	humanbase	0.8	network_modules	46	TRUE	0.0024456129306303005	114	5	3	0.6	0.02631578947368421	GO:0071675	GO:BP	regulation of mononuclear cell migration	16175	16848		0.23076923076923078	0.2857142857142857	114	16061	3	2	111	16059	16175	0.12463934742286724
R1	humanbase	0.8	network_modules	46	TRUE	0.0024904164306056202	10	5	2	0.4	0.2	GO:0035457	GO:BP	cellular response to interferon-alpha	16175	9045		0.3076923076923077	0.35714285714285715	10	16165	2	3	8	16162	16175	0.28253656168710733
R1	humanbase	0.8	network_modules	46	TRUE	0.0025773068433924957	116	5	3	0.6	0.02586206896551724	GO:0050921	GO:BP	positive regulation of chemotaxis	16175	13363		0.38461538461538464	0.42857142857142855	116	16059	3	2	113	16057	16175	0.12354212499468227
R1	humanbase	0.8	network_modules	46	TRUE	0.002644884158724493	117	5	3	0.6	0.02564102564102564	GO:0002687	GO:BP	positive regulation of leukocyte migration	16175	1205		0.46153846153846156	0.5	117	16058	3	2	114	16056	16175	0.12300403549008437
R1	humanbase	0.8	network_modules	46	TRUE	0.0027484891909414937	124	5	3	0.6	0.024193548387096774	REAC:R-HSA-381426	REAC	Regulation of Insulin-like Growth Factor (IGF) transport and uptake by Insulin-like Growth Factor Binding Proteins (IGFBPs)	10916	1981		1	1	124	10792	3	2	121	10790	10916	0.11890622737767959
R1	humanbase	0.8	network_modules	46	TRUE	0.0036517071985304244	12	5	2	0.4	0.16666666666666666	GO:0042117	GO:BP	monocyte activation	16175	9973		0.5384615384615384	0.5714285714285714	12	16163	2	3	10	16160	16175	0.2578555143451957
R1	humanbase	0.8	network_modules	46	TRUE	0.007715198912699872	167	5	3	0.6	0.017964071856287425	GO:0002274	GO:BP	myeloid leukocyte activation	16175	806		0.6153846153846154	0.6428571428571429	167	16008	3	2	164	16006	16175	0.10257949032950964
R1	humanbase	0.8	network_modules	46	TRUE	0.007756511055908229	625	5	4	0.8	0.0064	GO:1901652	GO:BP	response to peptide	16175	21619		0.6923076923076923	0.7857142857142857	625	15550	4	1	621	15549	16175	0.06946390643469565
R1	humanbase	0.8	network_modules	46	TRUE	0.007756511055908229	625	5	4	0.8	0.0064	GO:0034097	GO:BP	response to cytokine	16175	8408		0.6923076923076923	0.7857142857142857	625	15550	4	1	621	15549	16175	0.06946390643469565
R1	humanbase	0.8	network_modules	46	TRUE	0.00842964384908358	172	5	3	0.6	0.01744186046511628	GO:0002685	GO:BP	regulation of leukocyte migration	16175	1203		0.8461538461538461	0.8571428571428571	172	16003	3	2	169	16001	16175	0.10104030747885166
R1	humanbase	0.8	network_modules	46	TRUE	0.009661767698393303	180	5	3	0.6	0.016666666666666666	GO:0034612	GO:BP	response to tumor necrosis factor	16175	8690		0.9230769230769231	0.9285714285714286	180	15995	3	2	177	15993	16175	0.09871123870394638
R1	humanbase	0.8	network_modules	46	TRUE	0.009823688188197276	181	5	3	0.6	0.016574585635359115	GO:0050920	GO:BP	regulation of chemotaxis	16175	13362		1	1	181	15994	3	2	178	15992	16175	0.09843092030515707
R1	humanbase	0.8	network_modules	48	TRUE	0.0014843643737288664	17	3	2	0.6666666666666666	0.11764705882352941	GO:0086066	GO:BP	atrial cardiac muscle cell to AV node cell communication	16175	17920		0	0.17647058823529413	17	16158	2	1	15	16157	16175	0.27978750803920066
R1	humanbase	0.8	network_modules	48	TRUE	0.0014843643737288664	17	3	2	0.6666666666666666	0.11764705882352941	GO:0086026	GO:BP	atrial cardiac muscle cell to AV node cell signaling	16175	17897		0	0.17647058823529413	17	16158	2	1	15	16157	16175	0.27978750803920066
R1	humanbase	0.8	network_modules	48	TRUE	0.0014843643737288664	17	3	2	0.6666666666666666	0.11764705882352941	GO:0086014	GO:BP	atrial cardiac muscle cell action potential	16175	17888		0	0.17647058823529413	17	16158	2	1	15	16157	16175	0.27978750803920066
R1	humanbase	0.8	network_modules	48	TRUE	0.0016698410425584236	18	3	2	0.6666666666666666	0.1111111111111111	GO:0010881	GO:BP	regulation of cardiac muscle contraction by regulation of the release of sequestered calcium ion	16175	4467		0.1875	0.23529411764705882	18	16157	2	1	16	16156	16175	0.27188774182133574
R1	humanbase	0.8	network_modules	48	TRUE	0.0022916550710375388	21	3	2	0.6666666666666666	0.09523809523809523	GO:0086012	GO:BP	membrane depolarization during cardiac muscle cell action potential	16175	17886		0.25	0.29411764705882354	21	16154	2	1	19	16153	16175	0.25167235521278336
R1	humanbase	0.8	network_modules	48	TRUE	0.00252071658603807	22	3	2	0.6666666666666666	0.09090909090909091	GO:0010882	GO:BP	regulation of cardiac muscle contraction by calcium ion signaling	16175	4468		0.3125	0.35294117647058826	22	16153	2	1	20	16152	16175	0.2458707737811223
R1	humanbase	0.8	network_modules	48	TRUE	0.003011516771019604	24	3	2	0.6666666666666666	0.08333333333333333	GO:0010880	GO:BP	regulation of release of sequestered calcium ion into cytosol by sarcoplasmic reticulum	16175	4466		0.375	0.4117647058823529	24	16151	2	1	22	16150	16175	0.23537416597204877
R1	humanbase	0.8	network_modules	48	TRUE	0.0038293896777411626	27	3	2	0.6666666666666666	0.07407407407407407	GO:0086010	GO:BP	membrane depolarization during action potential	16175	17884		0.4375	0.47058823529411764	27	16148	2	1	25	16147	16175	0.22187162332806412
R1	humanbase	0.8	network_modules	48	TRUE	0.004123787945594309	28	3	2	0.6666666666666666	0.07142857142857142	GO:0086004	GO:BP	regulation of cardiac muscle cell contraction	16175	17881		0.5	0.5882352941176471	28	16147	2	1	26	16146	16175	0.21786009941196519
R1	humanbase	0.8	network_modules	48	TRUE	0.004123787945594309	28	3	2	0.6666666666666666	0.07142857142857142	GO:0098901	GO:BP	regulation of cardiac muscle cell action potential	16175	18934		0.5	0.5882352941176471	28	16147	2	1	26	16146	16175	0.21786009941196519
R1	humanbase	0.8	network_modules	48	TRUE	0.0044290709453424304	29	3	2	0.6666666666666666	0.06896551724137931	GO:0014808	GO:BP	release of sequestered calcium ion into cytosol by sarcoplasmic reticulum	16175	4688		0.625	0.7058823529411765	29	16146	2	1	27	16145	16175	0.21405766387249664
R1	humanbase	0.8	network_modules	48	TRUE	0.0044290709453424304	29	3	2	0.6666666666666666	0.06896551724137931	GO:0086005	GO:BP	ventricular cardiac muscle cell action potential	16175	17882		0.625	0.7058823529411765	29	16146	2	1	27	16145	16175	0.21405766387249664
R1	humanbase	0.8	network_modules	48	TRUE	0.004745237326438741	30	3	2	0.6666666666666666	0.06666666666666667	GO:1903514	GO:BP	release of sequestered calcium ion into cytosol by endoplasmic reticulum	16175	23064		0.75	0.7647058823529411	30	16145	2	1	28	16144	16175	0.21044674716327783
R1	humanbase	0.8	network_modules	48	TRUE	0.005072285738336455	31	3	2	0.6666666666666666	0.06451612903225806	GO:0086019	GO:BP	cell-cell signaling involved in cardiac conduction	16175	17893		0.8125	0.8235294117647058	31	16144	2	1	29	16143	16175	0.2070117797524927
R1	humanbase	0.8	network_modules	48	TRUE	0.0054102148304887585	32	3	2	0.6666666666666666	0.0625	GO:1903115	GO:BP	regulation of actin filament-based movement	16175	22777		0.875	0.8823529411764706	32	16143	2	1	30	16142	16175	0.2037389086019031
R1	humanbase	0.8	network_modules	48	TRUE	0.006489272683005331	35	3	2	0.6666666666666666	0.05714285714285714	GO:0070296	GO:BP	sarcoplasmic reticulum calcium ion transport	16175	16040		0.9375	0.9411764705882353	35	16140	2	1	33	16139	16175	0.19477539789430068
R1	humanbase	0.8	network_modules	48	TRUE	0.008505189991257421	40	3	2	0.6666666666666666	0.05	GO:0086091	GO:BP	regulation of heart rate by cardiac conduction	16175	17929		1	1	40	16135	2	1	38	16134	16175	0.18213916081693896
R1	humanbase	0.8	network_modules	52	TRUE	0.005789467648538157	126	2	2	1	0.015873015873015872	KEGG:00230	KEGG	Purine metabolism	8484	22		NA	1	126	8358	2	0	124	8358	8484	0.12506384442023188
R1	humanbase	0.8	network_modules	60	TRUE	0.003711166784652877	29	3	2	0.6666666666666666	0.06896551724137931	REAC:R-HSA-5683826	REAC	Surfactant metabolism	10916	2364		NA	1	29	10887	2	1	27	10886	10916	0.2138816848696318
R1	humanbase	0.8	network_modules	61	TRUE	0.0039111197087069605	365	3	3	1	0.00821917808219178	KEGG:04080	KEGG	Neuroactive ligand-receptor interaction	8484	263		NA	1	365	8119	3	0	362	8119	8484	0.08870374059865381
R1	humanbase	0.8	network_modules	68	TRUE	0.0054102148304887585	32	3	2	0.6666666666666666	0.0625	GO:0045923	GO:BP	positive regulation of fatty acid metabolic process	16175	11717		NA	1	32	16143	2	1	30	16142	16175	0.2037389086019031
R1	humanbase	0.8	network_modules	69	TRUE	0.0024971340131756913	282	3	3	1	0.010638297872340425	GO:0042391	GO:BP	regulation of membrane potential	16175	10141		NA	1	282	15893	3	0	279	15893	16175	0.10224854779367558
R1	humanbase	0.8	network_modules	74	TRUE	6.039206301591784e-4	12	3	2	0.6666666666666666	0.16666666666666666	REAC:R-HSA-264870	REAC	Caspase-mediated cleavage of cytoskeletal proteins	10916	316		0	0.5	12	10904	2	1	10	10903	10916	0.3330125109557372
R1	humanbase	0.8	network_modules	74	TRUE	0.0044206164696371	32	4	2	0.5	0.0625	KEGG:04215	KEGG	Apoptosis - multiple species	8484	292		NA	1	32	8452	2	2	30	8450	8484	0.17581641974956
R1	humanbase	0.8	network_modules	74	TRUE	0.006084796233754968	37	3	2	0.6666666666666666	0.05405405405405406	REAC:R-HSA-111465	REAC	Apoptotic cleavage of cellular proteins	10916	161		1	1	37	10879	2	1	35	10878	10916	0.18921334360087222
R1	humanbase	0.8	network_modules	88	TRUE	4.062398194668306e-5	44	4	3	0.75	0.06818181818181818	REAC:R-HSA-8948216	REAC	Collagen chain trimerization	10916	385		0	0.2	44	10872	3	1	41	10871	10916	0.22541415883012159
R1	humanbase	0.8	network_modules	88	TRUE	1.2762191007096882e-4	64	4	3	0.75	0.046875	REAC:R-HSA-1442490	REAC	Collagen degradation	10916	386		0.25	0.4	64	10852	3	1	61	10851	10916	0.18661622101616152
R1	humanbase	0.8	network_modules	88	TRUE	1.4670847231946913e-4	67	4	3	0.75	0.04477611940298507	REAC:R-HSA-1650814	REAC	Collagen biosynthesis and modifying enzymes	10916	384		0.5	0.6	67	10849	3	1	64	10848	10916	0.18234824603753977
R1	humanbase	0.8	network_modules	88	TRUE	3.4726018636722504e-4	89	4	3	0.75	0.033707865168539325	REAC:R-HSA-1474290	REAC	Collagen formation	10916	387		0.75	0.8	89	10827	3	1	86	10826	10916	0.15794523113865327
R1	humanbase	0.8	network_modules	88	TRUE	3.701118688742688e-4	103	4	3	0.75	0.02912621359223301	KEGG:04974	KEGG	Protein digestion and absorption	8484	405		NA	1	103	8381	3	1	100	8380	8484	0.14633218925579664
R1	humanbase	0.8	network_modules	88	TRUE	0.0013638010775083834	140	4	3	0.75	0.02142857142857143	REAC:R-HSA-1474228	REAC	Degradation of the extracellular matrix	10916	726		1	1	140	10776	3	1	137	10775	10916	0.12543507942333976
R1	humanbase	0.8	network_modules	88	TRUE	0.00749152070211978	236	4	3	0.75	0.012711864406779662	GO:0030198	GO:BP	extracellular matrix organization	16175	6707		0	0.3333333333333333	236	15939	3	1	233	15938	16175	0.09646029688410769
R1	humanbase	0.8	network_modules	88	TRUE	0.007587210111036945	237	4	3	0.75	0.012658227848101266	GO:0043062	GO:BP	extracellular structure organization	16175	10509		0.5	0.6666666666666666	237	15938	3	1	234	15937	16175	0.09625150642877996
R1	humanbase	0.8	network_modules	88	TRUE	0.007683707842952699	238	4	3	0.75	0.012605042016806723	GO:0045229	GO:BP	external encapsulating structure organization	16175	11340		1	1	238	15937	3	1	235	15936	16175	0.09604402237478332
R1	humanbase	0.8	network_modules	96	TRUE	0.002365848168802705	44	10	3	0.3	0.06818181818181818	GO:0140467	GO:BP	integrated stress response signaling	16175	19788		NA	1	44	16131	3	7	41	16124	16175	0.14195960493660323
R1	humanbase	0.8	network_modules	96	TRUE	0.0034558219046698755	83	7	3	0.42857142857142855	0.03614457831325301	REAC:R-HSA-381340	REAC	Transcriptional regulation of white adipocyte differentiation	10916	2562		0	1	83	10833	3	4	80	10829	10916	0.12275965250775686
R1	humanbase	0.8	network_modules	96	TRUE	0.0034558219046698755	83	7	3	0.42857142857142855	0.03614457831325301	REAC:R-HSA-9843745	REAC	Adipogenesis	10916	122		0	1	83	10833	3	4	80	10829	10916	0.12275965250775686
R1	humanbase	0.8	network_modules	101	TRUE	0.0018001927016410263	11	5	2	0.4	0.18181818181818182	REAC:R-HSA-189085	REAC	Digestion of dietary carbohydrate	10916	743		0	0.5	11	10905	2	3	9	10902	10916	0.2691978540546046
R1	humanbase	0.8	network_modules	101	TRUE	0.005611358545121136	36	4	2	0.5	0.05555555555555555	KEGG:00500	KEGG	Starch and sucrose metabolism	8484	62		0	0.5	36	8448	2	2	34	8446	8484	0.1656430180766329
R1	humanbase	0.8	network_modules	101	TRUE	0.007545572771065852	22	5	2	0.4	0.09090909090909091	REAC:R-HSA-8935690	REAC	Digestion	10916	741		1	1	22	10894	2	3	20	10891	10916	0.18996671092011097
R1	humanbase	0.8	network_modules	101	TRUE	0.00961169817905472	47	4	2	0.5	0.0425531914893617	KEGG:04973	KEGG	Carbohydrate digestion and absorption	8484	404		1	1	47	8437	2	2	45	8435	8484	0.1446841912997773
R1	humanbase	0.8	network_modules	110	TRUE	0.0010424442939890284	23	3	2	0.6666666666666666	0.08695652173913043	KEGG:04964	KEGG	Proximal tubule bicarbonate reclamation	8484	399		0	0.2	23	8461	2	1	21	8460	8484	0.24016077781179335
R1	humanbase	0.8	network_modules	110	TRUE	0.0025740450520222633	14	4	2	0.5	0.14285714285714285	GO:0030007	GO:BP	intracellular potassium ion homeostasis	16175	6649		0	0.25	14	16161	2	2	12	16159	16175	0.26694714088648164
R1	humanbase	0.8	network_modules	110	TRUE	0.0027411173344275602	37	3	2	0.6666666666666666	0.05405405405405406	KEGG:04960	KEGG	Aldosterone-regulated sodium reabsorption	8484	396		0.25	0.4	37	8447	2	1	35	8446	8484	0.1890357822211728
R1	humanbase	0.8	network_modules	110	TRUE	0.002969807020271433	15	4	2	0.5	0.13333333333333333	GO:0036376	GO:BP	sodium ion export across plasma membrane	16175	9590		0.3333333333333333	0.5	15	16160	2	2	13	16158	16175	0.25787147420379075
R1	humanbase	0.8	network_modules	110	TRUE	0.004445664331186693	47	3	2	0.6666666666666666	0.0425531914893617	KEGG:04973	KEGG	Carbohydrate digestion and absorption	8484	404		0.5	0.6	47	8437	2	1	45	8436	8484	0.16752498288675283
R1	humanbase	0.8	network_modules	110	TRUE	0.004834947288830185	19	4	2	0.5	0.10526315789473684	GO:0006883	GO:BP	intracellular sodium ion homeostasis	16175	2539		0.6666666666666666	0.75	19	16156	2	2	17	16154	16175	0.22903963225820298
R1	humanbase	0.8	network_modules	110	TRUE	0.005664409059712087	53	3	2	0.6666666666666666	0.03773584905660377	KEGG:04961	KEGG	Endocrine and other factor-regulated calcium reabsorption	8484	397		0.75	0.8	53	8431	2	1	51	8430	8484	0.15764501376261603
R1	humanbase	0.8	network_modules	110	TRUE	0.007271745777350029	60	3	2	0.6666666666666666	0.03333333333333333	KEGG:04978	KEGG	Mineral absorption	8484	409		1	1	60	8424	2	1	58	8423	8484	0.14804031390209896
R1	humanbase	0.8	network_modules	110	TRUE	0.007800556105698276	24	4	2	0.5	0.08333333333333333	GO:0055075	GO:BP	potassium ion homeostasis	16175	14231		1	1	24	16151	2	2	22	16149	16175	0.20369474168430501
R1	humanbase	0.8	network_modules	120	TRUE	3.3237580101696135e-4	84	4	3	0.75	0.03571428571428571	GO:0050680	GO:BP	negative regulation of epithelial cell proliferation	16175	13214		0	0.16666666666666666	84	16091	3	1	81	16090	16175	0.16297399793454923
R1	humanbase	0.8	network_modules	120	TRUE	0.002116236656957348	155	4	3	0.75	0.01935483870967742	GO:0010594	GO:BP	regulation of endothelial cell migration	16175	4242		0.2	0.3333333333333333	155	16020	3	1	152	16019	16175	0.11953230803392657
R1	humanbase	0.8	network_modules	120	TRUE	0.003845972661947621	17	4	2	0.5	0.11764705882352941	GO:0010544	GO:BP	negative regulation of platelet activation	16175	4203		0.4	0.5	17	16158	2	2	15	16156	16175	0.2421830455760906
R1	humanbase	0.8	network_modules	120	TRUE	0.004288252538788436	196	4	3	0.75	0.015306122448979591	GO:0043542	GO:BP	endothelial cell migration	16175	10759		0.6	0.6666666666666666	196	15979	3	1	193	15978	16175	0.10606943203904223
R1	humanbase	0.8	network_modules	120	TRUE	0.004354361949160985	197	4	3	0.75	0.015228426395939087	GO:0031348	GO:BP	negative regulation of defense response	16175	7139		0.8	0.8333333333333334	197	15978	3	1	194	15977	16175	0.10579432375500304
R1	humanbase	0.8	network_modules	120	TRUE	0.00749152070211978	236	4	3	0.75	0.012711864406779662	GO:0050678	GO:BP	regulation of epithelial cell proliferation	16175	13212		1	1	236	15939	3	1	233	15938	16175	0.09646029688410769
R1	humanbase	0.8	network_modules	124	TRUE	5.3711358768379007e-5	4	4	2	0.5	0.5	KEGG:03267	KEGG	Virion - Adenovirus	8484	233		0	0.2	4	8480	2	2	2	8478	8484	0.4997641509433962
R1	humanbase	0.8	network_modules	124	TRUE	9.222056481421138e-4	11	4	2	0.5	0.18181818181818182	REAC:R-HSA-389359	REAC	CD28 dependent Vav1 pathway	10916	268		0	0.25	11	10905	2	2	9	10903	10916	0.301110579538925
R1	humanbase	0.8	network_modules	124	TRUE	0.0031822978031686064	20	4	2	0.5	0.1	REAC:R-HSA-389513	REAC	Co-inhibition by CTLA4	10916	376		0.3333333333333333	0.5	20	10896	2	2	18	10894	10916	0.22303266570648034
R1	humanbase	0.8	network_modules	124	TRUE	0.0038680579624495374	22	4	2	0.5	0.09090909090909091	REAC:R-HSA-389357	REAC	CD28 dependent PI3K/Akt signaling	10916	267		0.6666666666666666	0.75	22	10894	2	2	20	10892	10916	0.21259460496347032
R1	humanbase	0.8	network_modules	124	TRUE	0.004326362348540647	18	4	2	0.5	0.1111111111111111	GO:0045624	GO:BP	positive regulation of T-helper cell differentiation	16175	11475		0	0.3333333333333333	18	16157	2	2	16	16155	16175	0.23533773430016888
R1	humanbase	0.8	network_modules	124	TRUE	0.004998356014637327	34	4	2	0.5	0.058823529411764705	KEGG:05330	KEGG	Allograft rejection	8484	486		0.25	0.4	34	8450	2	2	32	8448	8484	0.1705061262363346
R1	humanbase	0.8	network_modules	124	TRUE	0.005931072934697145	37	4	2	0.5	0.05405405405405406	KEGG:05332	KEGG	Graft-versus-host disease	8484	487		0.5	0.6	37	8447	2	2	35	8445	8484	0.16336008869697982
R1	humanbase	0.8	network_modules	124	TRUE	0.006943018241620206	40	4	2	0.5	0.05	KEGG:04940	KEGG	Type I diabetes mellitus	8484	394		0.75	0.8	40	8444	2	2	38	8442	8484	0.15703049858927548
R1	humanbase	0.8	network_modules	124	TRUE	0.007777782510975307	31	4	2	0.5	0.06451612903225806	REAC:R-HSA-389356	REAC	Co-stimulation by CD28	10916	378		1	1	31	10885	2	2	29	10883	10916	0.1788720873323911
R1	humanbase	0.8	network_modules	124	TRUE	0.008415327036798348	44	4	2	0.5	0.045454545454545456	KEGG:04672	KEGG	Intestinal immune network for IgA production	8484	344		1	1	44	8440	2	2	42	8438	8484	0.1496156219331835
R1	humanbase	0.8	network_modules	124	TRUE	0.009183921745574265	26	4	2	0.5	0.07692307692307693	GO:0032743	GO:BP	positive regulation of interleukin-2 production	16175	7787		0.5	0.6666666666666666	26	16149	2	2	24	16147	16175	0.19566715218898734
R1	humanbase	0.8	network_modules	124	TRUE	0.009917817065442654	27	4	2	0.5	0.07407407407407407	GO:0043372	GO:BP	positive regulation of CD4-positive, alpha-beta T cell differentiation	16175	10649		1	1	27	16148	2	2	25	16146	16175	0.19199162611275264
R1	humanbase	0.8	network_modules	133	TRUE	3.2216236475513184e-8	13	28	5	0.17857142857142858	0.38461538461538464	REAC:R-HSA-5140745	REAC	WNT5A-dependent internalization of FZD2, FZD5 and ROR2	10916	2671		0	0.038461538461538464	13	10903	5	23	8	10880	10916	0.26081329068274756
R1	humanbase	0.8	network_modules	133	TRUE	7.49072902048279e-8	15	28	5	0.17857142857142858	0.3333333333333333	REAC:R-HSA-5099900	REAC	WNT5A-dependent internalization of FZD4	10916	2672		0.04	0.07692307692307693	15	10901	5	23	10	10878	10916	0.2425754158438634
R1	humanbase	0.8	network_modules	133	TRUE	4.986314288629005e-7	85	33	7	0.21212121212121213	0.08235294117647059	GO:0006821	GO:BP	chloride transport	16175	2498		0	0.125	85	16090	7	26	78	16064	16175	0.12936733047456447
R1	humanbase	0.8	network_modules	133	TRUE	3.522906848655837e-6	112	33	7	0.21212121212121213	0.0625	GO:0006820	GO:BP	monoatomic anion transport	16175	2497		0.14285714285714285	0.25	112	16063	7	26	105	16037	16175	0.1118848129466112
R1	humanbase	0.8	network_modules	133	TRUE	3.762345087607769e-6	11	28	4	0.14285714285714285	0.36363636363636365	REAC:R-HSA-196025	REAC	Formation of annular gap junctions	10916	954		0.08	0.11538461538461539	11	10905	4	24	7	10881	10916	0.22671849934644367
R1	humanbase	0.8	network_modules	133	TRUE	4.242560413381895e-6	115	33	7	0.21212121212121213	0.06086956521739131	GO:0015698	GO:BP	inorganic anion transport	16175	4818		0.2857142857142857	0.375	115	16060	7	26	108	16034	16175	0.1103263034569328
R1	humanbase	0.8	network_modules	133	TRUE	5.633587496180953e-6	12	28	4	0.14285714285714285	0.3333333333333333	REAC:R-HSA-190873	REAC	Gap junction degradation	10916	1034		0.12	0.15384615384615385	12	10904	4	24	8	10880	10916	0.21693619898559766
R1	humanbase	0.8	network_modules	133	TRUE	1.1352309729988282e-5	14	28	4	0.14285714285714285	0.2857142857142857	REAC:R-HSA-177504	REAC	Retrograde neurotrophin signalling	10916	2095		0.16	0.19230769230769232	14	10902	4	24	10	10878	10916	0.20060270734246272
R1	humanbase	0.8	network_modules	133	TRUE	2.056798958981718e-5	16	28	4	0.14285714285714285	0.25	REAC:R-HSA-8866427	REAC	VLDLR internalisation and degradation	10916	2639		0.2	0.23076923076923078	16	10900	4	24	12	10876	10916	0.18742100173204543
R1	humanbase	0.8	network_modules	133	TRUE	3.621092158863991e-5	53	27	5	0.18518518518518517	0.09433962264150944	KEGG:04961	KEGG	Endocrine and other factor-regulated calcium reabsorption	8484	397		0	0.16666666666666666	53	8431	5	22	48	8409	8484	0.12832160891702477
R1	humanbase	0.8	network_modules	133	TRUE	4.003291554820188e-5	44	33	5	0.15151515151515152	0.11363636363636363	GO:0072583	GO:BP	clathrin-dependent endocytosis	16175	17454		0.42857142857142855	0.5	44	16131	5	28	39	16103	16175	0.12916762138181118
R1	humanbase	0.8	network_modules	133	TRUE	4.357221751414896e-5	19	28	4	0.14285714285714285	0.21052631578947367	REAC:R-HSA-8964038	REAC	LDL clearance	10916	1295		0.24	0.2692307692307692	19	10897	4	24	15	10873	10916	0.1716786339093554
R1	humanbase	0.8	network_modules	133	TRUE	4.4803557464931365e-5	49	28	5	0.17857142857142858	0.10204081632653061	REAC:R-HSA-3928665	REAC	EPH-ephrin mediated repulsion of cells	10916	819		0.28	0.3076923076923077	49	10867	5	23	44	10844	10916	0.13205990773498957
R1	humanbase	0.8	network_modules	133	TRUE	7.254042195571486e-5	105	28	6	0.21428571428571427	0.05714285714285714	REAC:R-HSA-2672351	REAC	Stimuli-sensing channels	10916	2354		0.32	0.34615384615384615	105	10811	6	22	99	10789	10916	0.10633795791767904
R1	humanbase	0.8	network_modules	133	TRUE	9.700309728125761e-5	57	28	5	0.17857142857142858	0.08771929824561403	REAC:R-HSA-380108	REAC	Chemokine receptors bind chemokines	10916	346		0.36	0.38461538461538464	57	10859	5	23	52	10836	10916	0.1219717699210762
R1	humanbase	0.8	network_modules	133	TRUE	1.7390273111818767e-4	131	27	6	0.2222222222222222	0.04580152671755725	KEGG:04142	KEGG	Lysosome	8484	279		0.2	0.3333333333333333	131	8353	6	21	125	8332	8484	0.09476084910170773
R1	humanbase	0.8	network_modules	133	TRUE	1.8564053391956163e-4	123	28	6	0.21428571428571427	0.04878048780487805	REAC:R-HSA-2132295	REAC	MHC class II antigen presentation	10916	1371		0.4	0.4230769230769231	123	10793	6	22	117	10771	10916	0.09753917272115052
R1	humanbase	0.8	network_modules	133	TRUE	2.52325518053825e-4	78	27	5	0.18518518518518517	0.0641025641025641	KEGG:04721	KEGG	Synaptic vesicle cycle	8484	351		0.4	0.5	78	8406	5	22	73	8384	8484	0.10418947505934999
R1	humanbase	0.8	network_modules	133	TRUE	3.156931544691468e-4	72	28	5	0.17857142857142858	0.06944444444444445	REAC:R-HSA-199992	REAC	trans-Golgi Network Vesicle Budding	10916	2749		0.44	0.46153846153846156	72	10844	5	23	67	10821	10916	0.10773934531155292
R1	humanbase	0.8	network_modules	133	TRUE	3.868105845118403e-4	221	33	7	0.21212121212121213	0.03167420814479638	GO:0006898	GO:BP	receptor-mediated endocytosis	16175	2552		0.5714285714285714	0.625	221	15954	7	26	214	15928	16175	0.07729663709985567
R1	humanbase	0.8	network_modules	133	TRUE	5.722524109487923e-4	35	28	4	0.14285714285714285	0.11428571428571428	REAC:R-HSA-432720	REAC	Lysosome Vesicle Biogenesis	10916	1341		0.48	0.5	35	10881	4	24	31	10857	10916	0.12526900046075604
R1	humanbase	0.8	network_modules	133	TRUE	5.72343747021523e-4	248	27	7	0.25925925925925924	0.028225806451612902	KEGG:04144	KEGG	Endocytosis	8484	280		0.6	0.6666666666666666	248	8236	7	20	241	8216	8484	0.07715616379620899
R1	humanbase	0.8	network_modules	133	TRUE	6.426511264866596e-4	36	28	4	0.14285714285714285	0.1111111111111111	REAC:R-HSA-8964043	REAC	Plasma lipoprotein clearance	10916	1757		0.52	0.5384615384615384	36	10880	4	24	32	10856	10916	0.12344154760406308
R1	humanbase	0.8	network_modules	133	TRUE	7.771959588079019e-4	98	27	5	0.18518518518518517	0.05102040816326531	KEGG:04061	KEGG	Viral protein interaction with cytokine and cytokine receptor	8484	254		0.8	0.8333333333333334	98	8386	5	22	93	8364	8484	0.09181608171437583
R1	humanbase	0.8	network_modules	133	TRUE	9.606796933461481e-4	90	28	5	0.17857142857142858	0.05555555555555555	REAC:R-HSA-2682334	REAC	EPH-Ephrin signaling	10916	818		0.56	0.5769230769230769	90	10826	5	23	85	10803	10916	0.09552033258111721
R1	humanbase	0.8	network_modules	133	TRUE	0.0010711725693020571	92	28	5	0.17857142857142858	0.05434782608695652	REAC:R-HSA-4086400	REAC	PCP/CE pathway	10916	1659		0.6	0.6153846153846154	92	10824	5	23	87	10801	10916	0.09438345528322964
R1	humanbase	0.8	network_modules	133	TRUE	0.0014236774099281174	166	33	6	0.18181818181818182	0.03614457831325301	GO:0019722	GO:BP	calcium-mediated signaling	16175	6018		0.7142857142857143	0.75	166	16009	6	27	160	15982	16175	0.07696458143506814
R1	humanbase	0.8	network_modules	133	TRUE	0.0018309473960463998	182	28	6	0.21428571428571427	0.03296703296703297	REAC:R-HSA-983712	REAC	Ion channel transport	10916	1272		0.64	0.6538461538461539	182	10734	6	22	176	10712	10916	0.07826496176010753
R1	humanbase	0.8	network_modules	133	TRUE	0.001961197727042298	104	28	5	0.17857142857142858	0.04807692307692308	REAC:R-HSA-8856825	REAC	Cargo recognition for clathrin-mediated endocytosis	10916	309		0.68	0.6923076923076923	104	10812	5	23	99	10789	10916	0.08824678475794258
R1	humanbase	0.8	network_modules	133	TRUE	0.0020784647708732263	48	28	4	0.14285714285714285	0.08333333333333333	REAC:R-HSA-437239	REAC	Recycling pathway of L1	10916	1954		0.72	0.7307692307692307	48	10868	4	24	44	10844	10916	0.10611997859182681
R1	humanbase	0.8	network_modules	133	TRUE	0.0021150141328265793	2	28	2	0.07142857142857142	1	REAC:R-HSA-168275	REAC	Entry of Influenza Virion into Host Cell via Endocytosis	10916	846		0.76	0.7692307692307693	2	10914	2	26	0	10888	10916	0.26694270903326517
R1	humanbase	0.8	network_modules	133	TRUE	0.0022592346565095127	49	28	4	0.14285714285714285	0.08163265306122448	REAC:R-HSA-190828	REAC	Gap junction trafficking	10916	1035		0.8	0.8076923076923077	49	10867	4	24	45	10843	10916	0.1049668774982743
R1	humanbase	0.8	network_modules	133	TRUE	0.002451368611378386	50	28	4	0.14285714285714285	0.08	REAC:R-HSA-157858	REAC	Gap junction trafficking and regulation	10916	1036		0.84	0.8461538461538461	50	10866	4	24	46	10842	10916	0.10384788916439051
R1	humanbase	0.8	network_modules	133	TRUE	0.005961321676398923	77	27	4	0.14814814814814814	0.05194805194805195	KEGG:05100	KEGG	Bacterial invasion of epithelial cells	8484	423		1	1	77	8407	4	23	73	8384	8484	0.08286076563135167
R1	humanbase	0.8	network_modules	133	TRUE	0.00644701933546483	16	33	3	0.09090909090909091	0.1875	GO:0048268	GO:BP	clathrin coat assembly	16175	12619		0.8571428571428571	0.875	16	16159	3	30	13	16129	16175	0.12933355639244704
R1	humanbase	0.8	network_modules	133	TRUE	0.006497052513124942	21	28	3	0.10714285714285714	0.14285714285714285	REAC:R-HSA-164938	REAC	Nef-mediates down modulation of cell surface receptors by recruiting them to clathrin adapters	10916	1565		0.88	0.8846153846153846	21	10895	3	25	18	10870	10916	0.12176983109925771
R1	humanbase	0.8	network_modules	133	TRUE	0.008972899700155421	129	33	5	0.15151515151515152	0.03875968992248062	GO:0007204	GO:BP	positive regulation of cytosolic calcium ion concentration	16175	2759		1	1	129	16046	5	28	124	16018	16175	0.07296539210899045
R1	humanbase	0.8	network_modules	133	TRUE	0.009243631024090053	143	28	5	0.17857142857142858	0.03496503496503497	REAC:R-HSA-3858494	REAC	Beta-catenin independent WNT signaling	10916	216		0.92	0.9230769230769231	143	10773	5	23	138	10750	10916	0.07379977845279205
R1	humanbase	0.8	network_modules	133	TRUE	0.009559252626180879	144	28	5	0.17857142857142858	0.034722222222222224	REAC:R-HSA-8856828	REAC	Clathrin-mediated endocytosis	10916	372		0.96	0.9615384615384616	144	10772	5	23	139	10749	10916	0.07350577935837224
R1	humanbase	0.8	network_modules	133	TRUE	0.009966782423554229	71	28	4	0.14285714285714285	0.056338028169014086	REAC:R-HSA-174824	REAC	Plasma lipoprotein assembly, remodeling, and clearance	10916	1756		1	1	71	10845	4	24	67	10821	10916	0.08601793354521985
R1	humanbase	0.8	network_modules	137	TRUE	4.628460012032144e-5	44	4	3	0.75	0.06818181818181818	GO:0016339	GO:BP	calcium-dependent cell-cell adhesion via plasma membrane cell adhesion molecules	16175	5214		0	0.16666666666666666	44	16131	3	1	41	16130	16175	0.22564830623378718
R1	humanbase	0.8	network_modules	137	TRUE	4.958833876660599e-5	45	4	3	0.75	0.06666666666666667	GO:0034332	GO:BP	adherens junction organization	16175	8574		0.2	0.3333333333333333	45	16130	3	1	42	16129	16175	0.22311547311668495
R1	humanbase	0.8	network_modules	137	TRUE	5.304552532951285e-5	46	4	3	0.75	0.06521739130434782	GO:0044331	GO:BP	cell-cell adhesion mediated by cadherin	16175	10957		0.4	0.5	46	16129	3	1	43	16128	16175	0.22066556124120495
R1	humanbase	0.8	network_modules	137	TRUE	8.041091737569457e-5	55	4	3	0.75	0.05454545454545454	REAC:R-HSA-418990	REAC	Adherens junctions interactions	10916	121		0	0.25	55	10861	3	1	52	10860	10916	0.20144613317516977
R1	humanbase	0.8	network_modules	137	TRUE	3.2416023387290166e-4	87	4	3	0.75	0.034482758620689655	REAC:R-HSA-421270	REAC	Cell-cell junction organization	10916	329		0.3333333333333333	0.5	87	10829	3	1	84	10828	10916	0.15977507597034055
R1	humanbase	0.8	network_modules	137	TRUE	7.340288303663272e-4	114	4	3	0.75	0.02631578947368421	REAC:R-HSA-446728	REAC	Cell junction organization	10916	324		0.6666666666666666	0.75	114	10802	3	1	111	10801	10916	0.13928625362601485
R1	humanbase	0.8	network_modules	137	TRUE	0.0016599966731123109	143	4	3	0.75	0.02097902097902098	GO:0007043	GO:BP	cell-cell junction assembly	16175	2647		0.6	0.6666666666666666	143	16032	3	1	140	16031	16175	0.12452469231506216
R1	humanbase	0.8	network_modules	137	TRUE	0.001678676217981051	150	4	3	0.75	0.02	REAC:R-HSA-1500931	REAC	Cell-Cell communication	10916	328		1	1	150	10766	3	1	147	10765	10916	0.12108740389919764
R1	humanbase	0.8	network_modules	137	TRUE	0.0032642212902501463	179	4	3	0.75	0.01675977653631285	GO:0045216	GO:BP	cell-cell junction organization	16175	11328		0.8	0.8333333333333334	179	15996	3	1	176	15995	16175	0.11109103485381995
R1	humanbase	0.8	network_modules	137	TRUE	0.004093933748463955	193	4	3	0.75	0.015544041450777202	GO:0098742	GO:BP	cell-cell adhesion via plasma-membrane adhesion molecules	16175	18867		1	1	193	15982	3	1	190	15981	16175	0.10690745935131037
R1	humanbase	0.8	network_modules	139	TRUE	5.032979519723967e-4	11	3	2	0.6666666666666666	0.18181818181818182	REAC:R-HSA-8963693	REAC	Aspartate and asparagine metabolism	10916	170		NA	1	11	10905	2	1	9	10904	10916	0.3478521475178262
R1	humanbase	0.8	network_modules	139	TRUE	0.0027411173344275602	37	3	2	0.6666666666666666	0.05405405405405406	KEGG:00250	KEGG	Alanine, aspartate and glutamate metabolism	8484	25		NA	1	37	8447	2	1	35	8446	8484	0.1890357822211728
R1	humanbase	0.8	network_modules	142	TRUE	0.006259976765371717	131	2	2	1	0.015267175572519083	KEGG:04142	KEGG	Lysosome	8484	279		0	0.5	131	8353	2	0	129	8353	8484	0.12261721750023377
R1	humanbase	0.8	network_modules	142	TRUE	0.0066496171277495375	135	2	2	1	0.014814814814814815	KEGG:04210	KEGG	Apoptosis	8484	287		1	1	135	8349	2	0	133	8349	8484	0.1207580829845106
R1	humanbase	0.8	network_modules	143	TRUE	9.222056481421138e-4	11	4	2	0.5	0.18181818181818182	REAC:R-HSA-112308	REAC	Presynaptic depolarization and calcium channel opening	10916	1790		NA	1	11	10905	2	2	9	10903	10916	0.301110579538925
R1	humanbase	0.8	network_modules	143	TRUE	0.00715109976083305	23	4	2	0.5	0.08695652173913043	GO:1901385	GO:BP	regulation of voltage-gated calcium channel activity	16175	21435		NA	1	23	16152	2	2	21	16150	16175	0.2080951375401522
R1	humanbase	0.8	network_modules	147	TRUE	1.6650661472021385e-5	60	3	3	1	0.05	KEGG:04978	KEGG	Mineral absorption	8484	409		0	0.2	60	8424	3	0	57	8424	8484	0.2228541108490496
R1	humanbase	0.8	network_modules	147	TRUE	3.2762239428562035e-5	3	3	2	0.6666666666666666	0.6666666666666666	GO:1903416	GO:BP	response to glycoside	16175	22989		0	0.07142857142857142	3	16172	2	1	1	16171	16175	0.6666048313958282
R1	humanbase	0.8	network_modules	147	TRUE	9.933372968857555e-4	14	3	2	0.6666666666666666	0.14285714285714285	GO:0030007	GO:BP	intracellular potassium ion homeostasis	16175	6649		0.07692307692307693	0.14285714285714285	14	16161	2	1	12	16160	16175	0.30836810188211866
R1	humanbase	0.8	network_modules	147	TRUE	0.0010424442939890284	23	3	2	0.6666666666666666	0.08695652173913043	KEGG:04964	KEGG	Proximal tubule bicarbonate reclamation	8484	399		0.25	0.4	23	8461	2	1	21	8460	8484	0.24016077781179335
R1	humanbase	0.8	network_modules	147	TRUE	0.001146111150345736	15	3	2	0.6666666666666666	0.13333333333333333	GO:0036376	GO:BP	sodium ion export across plasma membrane	16175	9590		0.15384615384615385	0.21428571428571427	15	16160	2	1	13	16159	16175	0.29789344298100395
R1	humanbase	0.8	network_modules	147	TRUE	0.0014843643737288664	17	3	2	0.6666666666666666	0.11764705882352941	GO:0055119	GO:BP	relaxation of cardiac muscle	16175	14259		0.23076923076923078	0.2857142857142857	17	16158	2	1	15	16157	16175	0.27978750803920066
R1	humanbase	0.8	network_modules	147	TRUE	0.0018662159487509247	19	3	2	0.6666666666666666	0.10526315789473684	GO:0006883	GO:BP	intracellular sodium ion homeostasis	16175	2539		0.3076923076923077	0.35714285714285715	19	16156	2	1	17	16155	16175	0.26461970208734953
R1	humanbase	0.8	network_modules	147	TRUE	0.0027411173344275602	37	3	2	0.6666666666666666	0.05405405405405406	KEGG:04960	KEGG	Aldosterone-regulated sodium reabsorption	8484	396		0.5	0.6	37	8447	2	1	35	8446	8484	0.1890357822211728
R1	humanbase	0.8	network_modules	147	TRUE	0.003011516771019604	24	3	2	0.6666666666666666	0.08333333333333333	GO:0055075	GO:BP	potassium ion homeostasis	16175	14231		0.38461538461538464	0.42857142857142855	24	16151	2	1	22	16150	16175	0.23537416597204877
R1	humanbase	0.8	network_modules	147	TRUE	0.0032732527399070227	25	3	2	0.6666666666666666	0.08	GO:0086064	GO:BP	cell communication by electrical coupling involved in cardiac conduction	16175	17918		0.46153846153846156	0.5	25	16150	2	1	23	16149	16175	0.23060434694047444
R1	humanbase	0.8	network_modules	147	TRUE	0.003545877492329801	26	3	2	0.6666666666666666	0.07692307692307693	GO:0090075	GO:BP	relaxation of muscle	16175	17999		0.5384615384615384	0.5714285714285714	26	16149	2	1	24	16148	16175	0.22611214812597225
R1	humanbase	0.8	network_modules	147	TRUE	0.004445664331186693	47	3	2	0.6666666666666666	0.0425531914893617	KEGG:04973	KEGG	Carbohydrate digestion and absorption	8484	404		0.75	0.8	47	8437	2	1	45	8436	8484	0.16752498288675283
R1	humanbase	0.8	network_modules	147	TRUE	0.004745237326438741	30	3	2	0.6666666666666666	0.06666666666666667	GO:0010644	GO:BP	cell communication by electrical coupling	16175	4290		0.6153846153846154	0.6428571428571429	30	16145	2	1	28	16144	16175	0.21044674716327783
R1	humanbase	0.8	network_modules	147	TRUE	0.005664409059712087	53	3	2	0.6666666666666666	0.03773584905660377	KEGG:04961	KEGG	Endocrine and other factor-regulated calcium reabsorption	8484	397		1	1	53	8431	2	1	51	8430	8484	0.15764501376261603
R1	humanbase	0.8	network_modules	147	TRUE	0.005759023252348881	33	3	2	0.6666666666666666	0.06060606060606061	GO:0055078	GO:BP	sodium ion homeostasis	16175	14232		0.6923076923076923	0.7142857142857143	33	16142	2	1	31	16141	16175	0.2006157612716187
R1	humanbase	0.8	network_modules	147	TRUE	0.007531888056076731	407	3	3	1	0.007371007371007371	GO:0098771	GO:BP	inorganic ion homeostasis	16175	18886		0.7692307692307693	0.7857142857142857	407	15768	3	0	404	15768	16175	0.08477540281946956
R1	humanbase	0.8	network_modules	147	TRUE	0.008397929564791799	422	3	3	1	0.0071090047393364926	GO:0030003	GO:BP	intracellular monoatomic cation homeostasis	16175	6648		0.8461538461538461	0.8571428571428571	422	15753	3	0	419	15753	16175	0.08321548947474491
R1	humanbase	0.8	network_modules	147	TRUE	0.00863958290283629	426	3	3	1	0.007042253521126761	GO:0006873	GO:BP	intracellular monoatomic ion homeostasis	16175	2531		0.9230769230769231	0.9285714285714286	426	15749	3	0	423	15749	16175	0.08281336901474712
R1	humanbase	0.8	network_modules	147	TRUE	0.009845173484584356	43	3	2	0.6666666666666666	0.046511627906976744	GO:1990573	GO:BP	potassium ion import across plasma membrane	16175	25222		1	1	43	16132	2	1	41	16131	16175	0.1756378801439702
R1	humanbase	0.8	network_modules	149	TRUE	0.009826288836871215	164	2	2	1	0.012195121951219513	KEGG:04022	KEGG	cGMP-PKG signaling pathway	8484	251		NA	1	164	8320	2	0	162	8320	8484	0.10937186126282046
R1	humanbase	0.8	network_modules	155	TRUE	1.0921196658452368e-5	2	3	2	0.6666666666666666	1	GO:0060003	GO:BP	copper ion export	16175	14266		0	0.14285714285714285	2	16173	2	1	0	16172	16175	0.8164713379547893
R1	humanbase	0.8	network_modules	155	TRUE	3.2762239428562035e-5	3	3	2	0.6666666666666666	0.6666666666666666	GO:0035434	GO:BP	copper ion transmembrane transport	16175	9033		0.16666666666666666	0.2857142857142857	3	16172	2	1	1	16171	16175	0.6666048313958282
R1	humanbase	0.8	network_modules	155	TRUE	2.2929786068967136e-4	7	3	2	0.6666666666666666	0.2857142857142857	GO:0015677	GO:BP	copper ion import	16175	4804		0.3333333333333333	0.42857142857142855	7	16168	2	1	5	16167	16175	0.4362873362648091
R1	humanbase	0.8	network_modules	155	TRUE	6.004429759936907e-4	11	3	2	0.6666666666666666	0.18181818181818182	GO:0006825	GO:BP	copper ion transport	16175	2500		0.5	0.5714285714285714	11	16164	2	1	9	16163	16175	0.3479507533206276
R1	humanbase	0.8	network_modules	155	TRUE	8.514670829758922e-4	13	3	2	0.6666666666666666	0.15384615384615385	GO:0006878	GO:BP	intracellular copper ion homeostasis	16175	2534		0.6666666666666666	0.7142857142857143	13	16162	2	1	11	16161	16175	0.32002851642455643
R1	humanbase	0.8	network_modules	155	TRUE	0.0013097872928090391	16	3	2	0.6666666666666666	0.125	GO:0055070	GO:BP	copper ion homeostasis	16175	14228		0.8333333333333334	0.8571428571428571	16	16159	2	1	14	16158	16175	0.2884162244125957
R1	humanbase	0.8	network_modules	155	TRUE	0.0032732527399070227	25	3	2	0.6666666666666666	0.08	GO:0046688	GO:BP	response to copper ion	16175	12319		1	1	25	16150	2	1	23	16149	16175	0.23060434694047444
R1	humanbase	0.8	network_modules	155	TRUE	0.007271745777350029	60	3	2	0.6666666666666666	0.03333333333333333	KEGG:04978	KEGG	Mineral absorption	8484	409		NA	1	60	8424	2	1	58	8423	8484	0.14804031390209896
R1	humanbase	0.8	network_modules	156	TRUE	0.0010187235318037853	9	4	2	0.5	0.2222222222222222	GO:1901386	GO:BP	negative regulation of voltage-gated calcium channel activity	16175	21436		0	0.3333333333333333	9	16166	2	2	7	16164	16175	0.33309625079917915
R1	humanbase	0.8	network_modules	156	TRUE	0.00715109976083305	23	4	2	0.5	0.08695652173913043	GO:1901385	GO:BP	regulation of voltage-gated calcium channel activity	16175	21435		0.5	0.6666666666666666	23	16152	2	2	21	16150	16175	0.2080951375401522
R1	humanbase	0.8	network_modules	156	TRUE	0.007800556105698276	24	4	2	0.5	0.08333333333333333	GO:1901020	GO:BP	negative regulation of calcium ion transmembrane transporter activity	16175	21142		1	1	24	16151	2	2	22	16149	16175	0.20369474168430501
R1	humanbase	0.8	network_modules	160	TRUE	9.682072924699273e-5	56	4	3	0.75	0.05357142857142857	GO:0006956	GO:BP	complement activation	16175	2587		0	0.25	56	16119	3	1	53	16118	16175	0.19989163804223875
R1	humanbase	0.8	network_modules	160	TRUE	2.1450090684497792e-4	86	4	3	0.75	0.03488372093023256	KEGG:04610	KEGG	Complement and coagulation cascades	8484	320		0	0.3333333333333333	86	8398	3	1	83	8397	8484	0.16041576156372586
R1	humanbase	0.8	network_modules	160	TRUE	3.5228706385558213e-4	7	4	2	0.5	0.2857142857142857	REAC:R-HSA-174577	REAC	Activation of C3 and C5	10916	80		0	0.3333333333333333	7	10909	2	2	5	10907	10916	0.37767001729423827
R1	humanbase	0.8	network_modules	160	TRUE	5.091657558811343e-4	101	4	3	0.75	0.0297029702970297	REAC:R-HSA-977606	REAC	Regulation of Complement cascade	10916	1971		0.5	0.6666666666666666	101	10815	3	1	98	10814	10916	0.14812815216280453
R1	humanbase	0.8	network_modules	160	TRUE	6.772424661012317e-4	111	4	3	0.75	0.02702702702702703	REAC:R-HSA-166658	REAC	Complement cascade	10916	390		1	1	111	10805	3	1	108	10804	10916	0.1411888016952127
R1	humanbase	0.8	network_modules	160	TRUE	7.820556450686117e-4	132	4	3	0.75	0.022727272727272728	KEGG:05322	KEGG	Systemic lupus erythematosus	8484	484		0.5	0.6666666666666666	132	8352	3	1	129	8351	8484	0.12888655403300436
R1	humanbase	0.8	network_modules	160	TRUE	7.924058663448577e-4	8	4	2	0.5	0.25	GO:2000427	GO:BP	positive regulation of apoptotic cell clearance	16175	25742		0.3333333333333333	0.5	8	16167	2	2	6	16165	16175	0.3533347320367318
R1	humanbase	0.8	network_modules	160	TRUE	0.0012732994063267206	10	4	2	0.5	0.2	GO:2000425	GO:BP	regulation of apoptotic cell clearance	16175	25740		0.6666666666666666	0.75	10	16165	2	2	8	16163	16175	0.3159735061817264
R1	humanbase	0.8	network_modules	160	TRUE	0.004195282191519767	231	4	3	0.75	0.012987012987012988	KEGG:05171	KEGG	Coronavirus disease - COVID-19	8484	452		1	1	231	8253	3	1	228	8252	8484	0.09645445761034062
R1	humanbase	0.8	network_modules	160	TRUE	0.006405077383891339	224	4	3	0.75	0.013392857142857142	GO:0006959	GO:BP	humoral immune response	16175	2590		1	1	224	15951	3	1	221	15950	16175	0.09907294262459855
R1	humanbase	0.8	network_modules	161	TRUE	3.294716546085134e-4	9	3	2	0.6666666666666666	0.2222222222222222	REAC:R-HSA-629597	REAC	Highly calcium permeable nicotinic acetylcholine receptors	10916	1124		0	0.2	9	10907	2	1	7	10906	10916	0.3846355971777174
R1	humanbase	0.8	network_modules	161	TRUE	5.032979519723967e-4	11	3	2	0.6666666666666666	0.18181818181818182	REAC:R-HSA-629594	REAC	Highly calcium permeable postsynaptic nicotinic acetylcholine receptors	10916	1125		0.25	0.4	11	10905	2	1	9	10904	10916	0.3478521475178262
R1	humanbase	0.8	network_modules	161	TRUE	6.039206301591784e-4	12	3	2	0.6666666666666666	0.16666666666666666	REAC:R-HSA-622323	REAC	Presynaptic nicotinic acetylcholine receptors	10916	1792		0.5	0.6	12	10904	2	1	10	10903	10916	0.3330125109557372
R1	humanbase	0.8	network_modules	161	TRUE	8.325766564043051e-4	14	3	2	0.6666666666666666	0.14285714285714285	REAC:R-HSA-622327	REAC	Postsynaptic nicotinic acetylcholine receptors	10916	1779		0.75	1	14	10902	2	1	12	10901	10916	0.30825307569254096
R1	humanbase	0.8	network_modules	161	TRUE	8.325766564043051e-4	14	3	2	0.6666666666666666	0.14285714285714285	REAC:R-HSA-181431	REAC	Acetylcholine binding and downstream events	10916	54		0.75	1	14	10902	2	1	12	10901	10916	0.30825307569254096
R1	humanbase	0.8	network_modules	161	TRUE	0.0016698410425584236	18	3	2	0.6666666666666666	0.1111111111111111	GO:0035094	GO:BP	response to nicotine	16175	8806		0	0.6666666666666666	18	16157	2	1	16	16156	16175	0.27188774182133574
R1	humanbase	0.8	network_modules	161	TRUE	0.0016698410425584236	18	3	2	0.6666666666666666	0.1111111111111111	GO:0007274	GO:BP	neuromuscular synaptic transmission	16175	2801		0	0.6666666666666666	18	16157	2	1	16	16156	16175	0.27188774182133574
R1	humanbase	0.8	network_modules	161	TRUE	0.002760670936214356	23	3	2	0.6666666666666666	0.08695652173913043	GO:0007271	GO:BP	synaptic transmission, cholinergic	16175	2799		1	1	23	16152	2	1	21	16151	16175	0.24045145819458102
R1	humanbase	0.8	network_modules	165	TRUE	3.8747187550979885e-4	152	3	3	1	0.019736842105263157	GO:0001894	GO:BP	tissue homeostasis	16175	519		0	0.4	152	16023	3	0	149	16023	16175	0.13983918475048016
R1	humanbase	0.8	network_modules	165	TRUE	3.8747187550979885e-4	152	3	3	1	0.019736842105263157	GO:0060249	GO:BP	anatomical structure homeostasis	16175	14466		0	0.4	152	16023	3	0	149	16023	16175	0.13983918475048016
R1	humanbase	0.8	network_modules	165	TRUE	0.002313472617518886	23	3	2	0.6666666666666666	0.08695652173913043	REAC:R-HSA-5620922	REAC	BBSome-mediated cargo-targeting to cilium	10916	199		NA	1	23	10893	2	1	21	10892	10916	0.24029702124942165
R1	humanbase	0.8	network_modules	165	TRUE	0.005759023252348881	33	3	2	0.6666666666666666	0.06060606060606061	GO:0045494	GO:BP	photoreceptor cell maintenance	16175	11413		0.5	0.6	33	16142	2	1	31	16141	16175	0.2006157612716187
R1	humanbase	0.8	network_modules	165	TRUE	0.007263023225931468	37	3	2	0.6666666666666666	0.05405405405405406	GO:0043001	GO:BP	Golgi to plasma membrane protein transport	16175	10477		0.75	0.8	37	16138	2	1	35	16137	16175	0.1894145562825279
R1	humanbase	0.8	network_modules	165	TRUE	0.00938764604571993	42	3	2	0.6666666666666666	0.047619047619047616	GO:0001895	GO:BP	retina homeostasis	16175	520		1	1	42	16133	2	1	40	16132	16175	0.17772754548378375
R1	humanbase	0.8	network_modules	171	TRUE	0.0017597137558513893	15	4	2	0.5	0.13333333333333333	REAC:R-HSA-2214320	REAC	Anchoring fibril formation	10916	146		0	0.3333333333333333	15	10901	2	2	13	10899	10916	0.25771360850700775
R1	humanbase	0.8	network_modules	171	TRUE	0.002563213974298041	18	4	2	0.5	0.1111111111111111	REAC:R-HSA-2243919	REAC	Crosslinking of collagen fibrils	10916	417		0.5	0.6666666666666666	18	10898	2	2	16	10896	10916	0.23516195519816133
R1	humanbase	0.8	network_modules	171	TRUE	0.002864418279130839	19	4	2	0.5	0.10526315789473684	REAC:R-HSA-3000480	REAC	Scavenging by Class A Receptors	10916	2180		1	1	19	10897	2	2	17	10895	10916	0.22885826432368842
R1	humanbase	0.8	network_modules	180	TRUE	9.933372968857555e-4	14	3	2	0.6666666666666666	0.14285714285714285	GO:0051382	GO:BP	kinetochore assembly	16175	13686		0	0.25	14	16161	2	1	12	16160	16175	0.30836810188211866
R1	humanbase	0.8	network_modules	180	TRUE	0.0013097872928090391	16	3	2	0.6666666666666666	0.125	GO:0051383	GO:BP	kinetochore organization	16175	13687		0.3333333333333333	0.5	16	16159	2	1	14	16158	16175	0.2884162244125957
R1	humanbase	0.8	network_modules	180	TRUE	0.0022916550710375388	21	3	2	0.6666666666666666	0.09523809523809523	GO:0034508	GO:BP	centromere complex assembly	16175	8672		0.6666666666666666	0.75	21	16154	2	1	19	16153	16175	0.25167235521278336
R1	humanbase	0.8	network_modules	180	TRUE	0.003011516771019604	24	3	2	0.6666666666666666	0.08333333333333333	GO:0051315	GO:BP	attachment of mitotic spindle microtubules to kinetochore	16175	13643		1	1	24	16151	2	1	22	16150	16175	0.23537416597204877
R1	humanbase	0.8	network_modules	181	TRUE	0.001980434260208303	686	4	4	1	0.0058309037900874635	GO:0008284	GO:BP	positive regulation of cell population proliferation	16175	3151		0	0.125	686	15489	4	0	682	15489	16175	0.07473278880538935
R1	humanbase	0.8	network_modules	181	TRUE	0.002969807020271433	15	4	2	0.5	0.13333333333333333	GO:0003323	GO:BP	type B pancreatic cell development	16175	1743		0.14285714285714285	0.25	15	16160	2	2	13	16158	16175	0.25787147420379075
R1	humanbase	0.8	network_modules	181	TRUE	0.003393785221493802	16	4	2	0.5	0.125	GO:0002068	GO:BP	glandular epithelial cell development	16175	659		0.2857142857142857	0.375	16	16159	2	2	14	16157	16175	0.24965977593568692
R1	humanbase	0.8	network_modules	181	TRUE	0.004326362348540647	18	4	2	0.5	0.1111111111111111	GO:0003309	GO:BP	type B pancreatic cell differentiation	16175	1729		0.42857142857142855	0.5	18	16157	2	2	16	16155	16175	0.23533773430016888
R1	humanbase	0.8	network_modules	181	TRUE	0.005936674963975641	21	4	2	0.5	0.09523809523809523	GO:0035883	GO:BP	enteroendocrine cell differentiation	16175	9310		0.5714285714285714	0.75	21	16154	2	2	19	16152	16175	0.21781962629720591
R1	humanbase	0.8	network_modules	181	TRUE	0.005936674963975641	21	4	2	0.5	0.09523809523809523	GO:0002066	GO:BP	columnar/cuboidal epithelial cell development	16175	657		0.5714285714285714	0.75	21	16154	2	2	19	16152	16175	0.21781962629720591
R1	humanbase	0.8	network_modules	181	TRUE	0.007800556105698276	24	4	2	0.5	0.08333333333333333	GO:0002067	GO:BP	glandular epithelial cell differentiation	16175	658		0.8571428571428571	0.875	24	16151	2	2	22	16149	16175	0.20369474168430501
R1	humanbase	0.8	network_modules	181	TRUE	0.009917817065442654	27	4	2	0.5	0.07407407407407407	GO:0031018	GO:BP	endocrine pancreas development	16175	6995		1	1	27	16148	2	2	25	16146	16175	0.19199162611275264
R1	humanbase	0.8	network_modules	183	TRUE	1.9221528810835047e-4	7	3	2	0.6666666666666666	0.2857142857142857	REAC:R-HSA-629587	REAC	Highly sodium permeable postsynaptic acetylcholine nicotinic receptors	10916	1126		0	0.25	7	10909	2	1	5	10908	10916	0.4362157899272416
R1	humanbase	0.8	network_modules	183	TRUE	6.039206301591784e-4	12	3	2	0.6666666666666666	0.16666666666666666	REAC:R-HSA-622323	REAC	Presynaptic nicotinic acetylcholine receptors	10916	1792		0.3333333333333333	0.5	12	10904	2	1	10	10903	10916	0.3330125109557372
R1	humanbase	0.8	network_modules	183	TRUE	8.325766564043051e-4	14	3	2	0.6666666666666666	0.14285714285714285	REAC:R-HSA-181431	REAC	Acetylcholine binding and downstream events	10916	54		0.6666666666666666	1	14	10902	2	1	12	10901	10916	0.30825307569254096
R1	humanbase	0.8	network_modules	183	TRUE	8.325766564043051e-4	14	3	2	0.6666666666666666	0.14285714285714285	REAC:R-HSA-622327	REAC	Postsynaptic nicotinic acetylcholine receptors	10916	1779		0.6666666666666666	1	14	10902	2	1	12	10901	10916	0.30825307569254096
R1	humanbase	0.8	network_modules	184	TRUE	6.039206301591784e-4	12	3	2	0.6666666666666666	0.16666666666666666	REAC:R-HSA-1475029	REAC	Reversible hydration of carbon dioxide	10916	2102		NA	1	12	10904	2	1	10	10903	10916	0.3330125109557372
R1	humanbase	0.8	network_modules	184	TRUE	0.0012149705167823742	17	4	2	0.5	0.11764705882352941	KEGG:00910	KEGG	Nitrogen metabolism	8484	139		NA	1	17	8467	2	2	15	8465	8484	0.24186305948401748
R1	humanbase	0.8	network_modules	184	TRUE	0.009917817065442654	27	4	2	0.5	0.07407407407407407	GO:0006730	GO:BP	one-carbon metabolic process	16175	2434		NA	1	27	16148	2	2	25	16146	16175	0.19199162611275264
R1	humanbase	0.8	network_modules	195	TRUE	3.019793548441235e-4	156	3	3	1	0.019230769230769232	KEGG:04148	KEGG	Efferocytosis	8484	283		0	0.3333333333333333	156	8328	3	0	153	8328	8484	0.13741848454816058
R1	humanbase	0.8	network_modules	195	TRUE	0.0014731549935844454	10	5	2	0.4	0.2	REAC:R-HSA-111932	REAC	CaMK IV-mediated phosphorylation of CREB	10916	298		0	0.16666666666666666	10	10906	2	3	8	10903	10916	0.2823889684611204
R1	humanbase	0.8	network_modules	195	TRUE	0.005001384993362142	18	5	2	0.4	0.1111111111111111	REAC:R-HSA-442982	REAC	Ras activation upon Ca2+ influx through NMDA receptor	10916	1941		0.2	0.3333333333333333	18	10898	2	3	16	10895	10916	0.21017088694923294
R1	humanbase	0.8	network_modules	195	TRUE	0.006208592446313295	20	5	2	0.4	0.1	REAC:R-HSA-9617324	REAC	Negative regulation of NMDA receptor-mediated neuronal transmission	10916	1575		0.4	0.6666666666666666	20	10896	2	3	18	10893	10916	0.19931219462698183
R1	humanbase	0.8	network_modules	195	TRUE	0.006208592446313295	20	5	2	0.4	0.1	REAC:R-HSA-438066	REAC	Unblocking of NMDA receptors, glutamate binding and activation	10916	2621		0.4	0.6666666666666666	20	10896	2	3	18	10893	10916	0.19931219462698183
R1	humanbase	0.8	network_modules	195	TRUE	0.006860869965083985	21	5	2	0.4	0.09523809523809523	REAC:R-HSA-9620244	REAC	Long-term potentiation	10916	1321		0.8	0.8333333333333334	21	10895	2	3	19	10892	10916	0.1944729578343617
R1	humanbase	0.8	network_modules	195	TRUE	0.009012182551365914	24	5	2	0.4	0.08333333333333333	REAC:R-HSA-3371571	REAC	HSF1-dependent transactivation	10916	1110		1	1	24	10892	2	3	22	10889	10916	0.1818122381330939
R1	humanbase	0.8	network_modules	195	TRUE	0.009078499224825726	67	3	2	0.6666666666666666	0.029850746268656716	KEGG:04720	KEGG	Long-term potentiation	8484	350		0.5	0.6666666666666666	67	8417	2	1	65	8416	8484	0.13997650332120967
R1	humanbase	0.8	network_modules	195	TRUE	0.009631295346774054	69	3	2	0.6666666666666666	0.028985507246376812	KEGG:05031	KEGG	Amphetamine addiction	8484	419		1	1	69	8415	2	1	67	8414	8484	0.13789996679149852
R1	humanbase	0.8	network_modules	207	TRUE	0.0030774236922896173	92	2	2	1	0.021739130434782608	KEGG:04640	KEGG	Hematopoietic cell lineage	8484	333		NA	1	92	8392	2	0	90	8392	8484	0.14665763851329272
R1	humanbase	0.8	network_modules	210	TRUE	0.0030774236922896173	92	2	2	1	0.021739130434782608	KEGG:04640	KEGG	Hematopoietic cell lineage	8484	333		NA	1	92	8392	2	0	90	8392	8484	0.14665763851329272
R1	humanbase	0.8	network_modules	223	TRUE	8.507964493600804e-4	24	2	2	1	0.08333333333333333	GO:0030851	GO:BP	granulocyte differentiation	16175	6934		NA	1	24	16151	2	0	22	16151	16175	0.28847872656338225
R1	humanbase	0.8	network_modules	233	TRUE	0.005664409059712087	53	3	2	0.6666666666666666	0.03773584905660377	KEGG:04961	KEGG	Endocrine and other factor-regulated calcium reabsorption	8484	397		NA	1	53	8431	2	1	51	8430	8484	0.15764501376261603
R1	humanbase	0.8	network_modules	246	TRUE	6.552177776353408e-5	4	3	2	0.6666666666666666	0.5	GO:0051459	GO:BP	regulation of corticotropin secretion	16175	13720		0	0.1	4	16171	2	1	2	16170	16175	0.5772610151803533
R1	humanbase	0.8	network_modules	246	TRUE	1.0919846111657282e-4	5	3	2	0.6666666666666666	0.4	GO:0051458	GO:BP	corticotropin secretion	16175	13719		0.1111111111111111	0.2	5	16170	2	1	3	16169	16175	0.5162860129823625
R1	humanbase	0.8	network_modules	246	TRUE	0.0014843643737288664	17	3	2	0.6666666666666666	0.11764705882352941	GO:0001963	GO:BP	synaptic transmission, dopaminergic	16175	571		0.2222222222222222	0.3	17	16158	2	1	15	16157	16175	0.27978750803920066
R1	humanbase	0.8	network_modules	246	TRUE	0.0016698410425584236	18	3	2	0.6666666666666666	0.1111111111111111	GO:2000310	GO:BP	regulation of NMDA receptor activity	16175	25632		0.3333333333333333	0.4	18	16157	2	1	16	16156	16175	0.27188774182133574
R1	humanbase	0.8	network_modules	246	TRUE	0.0022916550710375388	21	3	2	0.6666666666666666	0.09523809523809523	GO:0090278	GO:BP	negative regulation of peptide hormone secretion	16175	18167		0.4444444444444444	0.5	21	16154	2	1	19	16153	16175	0.25167235521278336
R1	humanbase	0.8	network_modules	246	TRUE	0.00252071658603807	22	3	2	0.6666666666666666	0.09090909090909091	GO:0002792	GO:BP	negative regulation of peptide secretion	16175	1303		0.5555555555555556	0.6	22	16153	2	1	20	16152	16175	0.2458707737811223
R1	humanbase	0.8	network_modules	246	TRUE	0.002760670936214356	23	3	2	0.6666666666666666	0.08695652173913043	GO:0044060	GO:BP	regulation of endocrine process	16175	10895		0.6666666666666666	0.7	23	16152	2	1	21	16151	16175	0.24045145819458102
R1	humanbase	0.8	network_modules	246	TRUE	0.004745237326438741	30	3	2	0.6666666666666666	0.06666666666666667	GO:0060986	GO:BP	endocrine hormone secretion	16175	15113		0.7777777777777778	0.8	30	16145	2	1	28	16144	16175	0.21044674716327783
R1	humanbase	0.8	network_modules	246	TRUE	0.005759023252348881	33	3	2	0.6666666666666666	0.06060606060606061	GO:0046888	GO:BP	negative regulation of hormone secretion	16175	12423		0.8888888888888888	0.9	33	16142	2	1	31	16141	16175	0.2006157612716187
R1	humanbase	0.8	network_modules	246	TRUE	0.007263023225931468	37	3	2	0.6666666666666666	0.05405405405405406	GO:0099601	GO:BP	regulation of neurotransmitter receptor activity	16175	19157		1	1	37	16138	2	1	35	16137	16175	0.1894145562825279
R1	humanbase	0.8	network_modules	268	TRUE	0.0017241963039347095	28	2	2	1	0.07142857142857142	REAC:R-HSA-3928663	REAC	EPHA-mediated growth cone collapse	10916	820		0	0.5	28	10888	2	0	26	10888	10916	0.26694270903326517
R1	humanbase	0.8	network_modules	268	TRUE	0.002527728581432119	41	2	2	1	0.04878048780487805	GO:0033628	GO:BP	regulation of cell adhesion mediated by integrin	16175	8329		0	0.3333333333333333	41	16134	2	0	39	16134	16175	0.22059659391357025
R1	humanbase	0.8	network_modules	268	TRUE	0.0029161356561399837	44	2	2	1	0.045454545454545456	GO:0048013	GO:BP	ephrin receptor signaling pathway	16175	12469		0.5	0.6666666666666666	44	16131	2	0	42	16131	16175	0.2129237037069301
R1	humanbase	0.8	network_modules	268	TRUE	0.005364166278907993	49	2	2	1	0.04081632653061224	REAC:R-HSA-3928665	REAC	EPH-ephrin mediated repulsion of cells	10916	819		1	1	49	10867	2	0	47	10867	10916	0.2015950279335668
R1	humanbase	0.8	network_modules	268	TRUE	0.008101061843906868	73	2	2	1	0.0273972602739726	GO:0033627	GO:BP	cell adhesion mediated by integrin	16175	8328		1	1	73	16102	2	0	71	16102	16175	0.16515745639704968
